"region";"total_profit"
West;108418.4488999999957984
East;91522.7799999999968741
South;46749.4302999999990590
Central;39706.3624999999969740
